Source Question,Target Bloom,Target Difficulty,Mode B Output,Mode E Output,Mode B Prediction,Mode E Prediction,Concept Score,Semantic Similarity,Winner,Reason
Explain the concept of ACID properties in a relational database management system.,Remember,Easy,Define ACID properties in relational database management systems.,Define ACID properties in a relational database management system.,Remember,Remember,4/4,0.9545,Tie,Both modes performed equally well on all metrics.
Explain the concept of ACID properties in a relational database management system.,Understand,Easy,Summarize the importance of ACID properties in relational database management systems.,Explain the purpose of ACID properties in relational database management systems.,Understand,Understand,4/4,0.98,Mode E,Mode E has higher semantic similarity (0.9800 vs 0.9512).
Explain the concept of ACID properties in a relational database management system.,Apply,Medium,Demonstrate the use of ACID properties in a relational database.,Apply ACID properties to maintain records in a relational database.,Apply,Apply,4/4,0.7987,Mode E,Mode E succeeded in fewer attempts (1 vs 3).
Explain the concept of ACID properties in a relational database management system.,Analyze,Medium,Analyze the role of ACID properties in relational database management systems.,Examine the performance trade-offs of different ACID properties used in relational databases and identify which properties are most important for a high-performance database.,Analyze,Analyze,4/4,0.8125,Mode B,Mode B has higher semantic similarity (0.9405 vs 0.8125).
Explain the concept of ACID properties in a relational database management system.,Evaluate,Hard,Assess the suitability of ACID properties for relational database management systems.,Assess the suitability of ACID properties for relational database management systems.,Evaluate,Evaluate,3/4,0.8997,Tie,Both modes performed equally well on all metrics.
Explain the concept of ACID properties in a relational database management system.,Create,Hard,Design a relational database using ACID properties.,Develop a relational database using the ACID properties.,Create,Create,4/4,0.8515,Tie,Both modes performed equally well on all metrics.
Describe the process of database normalization and its role in reducing data redundancy.,Remember,Easy,Define database normalization.,Define database normalization and list the components of it.,Remember,Remember,1/1,0.7707,Mode B,Mode B has higher semantic similarity (0.8635 vs 0.7707).
Describe the process of database normalization and its role in reducing data redundancy.,Understand,Easy,Explain the role of database normalization in reducing data redundancy.,Summarize the stages involved in database normalization.,Understand,Understand,1/1,0.7895,Mode B,Mode B has higher semantic similarity (0.9451 vs 0.7895).
Describe the process of database normalization and its role in reducing data redundancy.,Apply,Medium,Demonstrate the normalization process for the DBMS database.,Demonstrate the normalization process for a DBMS database.,Apply,Apply,1/1,0.7769,Tie,Both modes performed equally well on all metrics.
Describe the process of database normalization and its role in reducing data redundancy.,Analyze,Medium,Analyze the role of database normalization in reducing data redundancy.,Analyze the advantages and limitations of database normalization.,Analyze,Analyze,1/1,0.8344,Mode B,Mode B has higher semantic similarity (0.9455 vs 0.8344).
Describe the process of database normalization and its role in reducing data redundancy.,Evaluate,Hard,Evaluate the effectiveness of database normalization in reducing data redundancy.,Assess the effectiveness of database normalization in reducing data redundancy.,Evaluate,Evaluate,1/1,0.8932,Tie,Both modes performed equally well on all metrics.
Describe the process of database normalization and its role in reducing data redundancy.,Create,Hard,Design a database normalization process for a university management system.,Develop a database normalization solution for a banking system that uses data normalization to reduce redundant transaction records.,Create,Create,1/1,0.7525,Mode E,Mode E has higher semantic similarity (0.7525 vs 0.6886).
How does a B-tree index improve the performance of SQL SELECT queries?,Remember,Easy,Define a b-tree index.,Define the b-tree index in SQL.,Remember,Remember,2/2,0.7468,Mode E,Mode E has higher semantic similarity (0.7468 vs 0.6849).
How does a B-tree index improve the performance of SQL SELECT queries?,Understand,Easy,Explain how a B-tree index improves the performance of SQL SELECT queries.,Explain how a b-tree index improves the performance of SQL SELECT queries.,Understand,Understand,2/2,0.9507,Tie,Both modes performed equally well on all metrics.
How does a B-tree index improve the performance of SQL SELECT queries?,Apply,Medium,Demonstrate how a B-tree index improves the performance of SQL SELECT queries.,Demonstrate the execution of a SQL SELECT query using a B-tree index.,Apply,Apply,2/2,0.7939,Mode B,Mode B has higher semantic similarity (0.9207 vs 0.7939).
How does a B-tree index improve the performance of SQL SELECT queries?,Analyze,Medium,Examine the performance trade-offs of a b-tree index and analyze its behavior under varying workloads in DBMS deployments.,Differentiate the use of b-tree indexes in relational databases and determine their usefulness for processing SQL queries.,Analyze,Analyze,2/2,0.8063,Mode E,Mode E has higher semantic similarity (0.8063 vs 0.7497).
How does a B-tree index improve the performance of SQL SELECT queries?,Evaluate,Hard,Assess the suitability of a b-tree index for SQL SELECT queries.,Critique the suitability of a b-tree index for storing large volumes of data.,Evaluate,Evaluate,2/2,0.6867,Mode B,Mode B has higher semantic similarity (0.8747 vs 0.6867).
How does a B-tree index improve the performance of SQL SELECT queries?,Create,Hard,Design a SQL SELECT query using a B-tree index.,Develop a SQL SELECT query that uses a B-tree index to identify the rows in a specified table.,Create,Create,2/2,0.7068,Mode B,Mode B has higher semantic similarity (0.7967 vs 0.7068).
Discuss the trade-offs between using a NoSQL database versus a traditional relational database.,Remember,Easy,Define a nosql database.,Define a nosql database.,Remember,N/A,N/A,0.7418,Mode B,Mode B passed validation while Mode E failed.
Discuss the trade-offs between using a NoSQL database versus a traditional relational database.,Understand,Easy,Summarize the advantages of using a NoSQL database over a traditional relational database.,Explain the advantages of using a NoSQL database over a traditional relational database.,Understand,Understand,1/1,0.9103,Tie,Both modes performed equally well on all metrics.
Discuss the trade-offs between using a NoSQL database versus a traditional relational database.,Apply,Medium,Apply your knowledge of a NoSQL database to select an appropriate relational database for a given application.,Demonstrate the use of a NoSQL database for managing records in a library management system.,Apply,Apply,1/1,0.7282,Tie,Both modes performed equally well on all metrics.
Discuss the trade-offs between using a NoSQL database versus a traditional relational database.,Analyze,Medium,Analyze the advantages and limitations of using a NoSQL database over a traditional relational database.,Analyze the advantages and limitations of using a NoSQL database compared to a traditional relational database.,Analyze,Analyze,1/1,0.9406,Tie,Both modes performed equally well on all metrics.
Discuss the trade-offs between using a NoSQL database versus a traditional relational database.,Evaluate,Hard,Evaluate the suitability of a NoSQL database over a traditional relational database for large-scale enterprise applications.,Assess the suitability of using a NoSQL database over a traditional relational database for a retail organization.,Evaluate,Evaluate,1/1,0.8213,Tie,Both modes performed equally well on all metrics.
Discuss the trade-offs between using a NoSQL database versus a traditional relational database.,Create,Hard,Design a database using a NoSQL database for a university management system.,Design a database schema for a university campus using a NoSQL database.,Create,Create,1/1,0.6151,Mode B,Mode B has higher semantic similarity (0.6790 vs 0.6151).
"What is a database transaction, and how do commit and rollback operations work?",Remember,Easy,Define a database transaction.,Define a database transaction in DBMS.,Remember,Remember,1/1,0.7622,Mode B,Mode B has higher semantic similarity (0.8155 vs 0.7622).
"What is a database transaction, and how do commit and rollback operations work?",Understand,Easy,Explain the purpose of commit and rollback operations in a database transaction.,Summarize the functions of commit and rollback operations in a database transaction.,Understand,Understand,1/1,0.8278,Mode B,Mode B has higher semantic similarity (0.9131 vs 0.8278).
"What is a database transaction, and how do commit and rollback operations work?",Apply,Medium,Demonstrate how commit and rollback operations work in a database transaction.,Apply the concept of a database transaction to explain the working of a commit operation.,Apply,Apply,1/1,0.7785,Mode B,Mode B has higher semantic similarity (0.8949 vs 0.7785).
"What is a database transaction, and how do commit and rollback operations work?",Analyze,Medium,Analyze how commit and rollback operations work in a database transaction.,Differentiate commit and rollback operations in a database transaction.,Analyze,Analyze,1/1,0.8534,Mode B,Mode B has higher semantic similarity (0.9002 vs 0.8534).
"What is a database transaction, and how do commit and rollback operations work?",Evaluate,Hard,Evaluate the effectiveness of commit and rollback operations in reducing transaction latency.,Assess the effectiveness of commit and rollback operations for managing large-scale database data.,Evaluate,Evaluate,1/1,0.6834,Mode E,Mode E has higher semantic similarity (0.6834 vs 0.6435).
"What is a database transaction, and how do commit and rollback operations work?",Create,Hard,Design a database transaction and explain how commit and rollback operations work.,Develop a database transaction that implements commit and rollback operations.,Create,Create,1/1,0.814,Mode B,Mode B has higher semantic similarity (0.9105 vs 0.8140).
